freq_hz,gain_db,phase_deg
1.000000000000000000e+01,-1.714492049502243853e-04,-3.599952627020995277e-01
1.038468775134351141e+01,-1.848935191193297098e-04,-3.738434537450693318e-01
1.078417396929039462e+01,-1.993920547684128997e-04,-3.882243214823736244e-01
1.119902793272474995e+01,-2.150274735984291502e-04,-4.031583517884790857e-01
1.162984081999205443e+01,-2.318889181896491769e-04,-4.186668179395002798e-01
1.207722655134462642e+01,-2.500725200081394136e-04,-4.347718108238752266e-01
1.254182266379491750e+01,-2.696819472243767025e-04,-4.514962703056533133e-01
1.302429121962335223e+01,-2.908289954514030849e-04,-4.688640177835934897e-01
1.352531974983534724e+01,-3.136342247557063687e-04,-4.868997899907906435e-01
1.404562223391196163e+01,-3.382276465678962546e-04,-5.056292740811154651e-01
1.458594011725036310e+01,-3.647494644241812824e-04,-5.250791440503645990e-01
1.514704336774397753e+01,-3.933508726869828923e-04,-5.452770985416647287e-01
1.572973157300798519e+01,-4.241949178391179391e-04,-5.662519000863641683e-01
1.633483507981373251e+01,-4.574574272235656415e-04,-5.880334158333790917e-01
1.696321617735579679e+01,-4.933280105088968300e-04,-6.106526598217257851e-01
1.761577032603788240e+01,-5.320111395293037867e-04,-6.341418368527722560e-01
1.829342743352860978e+01,-5.737273126929367606e-04,-6.585343880205817291e-01
1.899715317990559171e+01,-6.187143105026745964e-04,-6.838650379605873963e-01
1.972795039377620441e+01,-6.672285493264644863e-04,-7.101698438787218404e-01
2.048686048133601290e+01,-7.195465411258116385e-04,-7.374862464250581118e-01
2.127496491040135140e+01,-7.759664673354007419e-04,-7.658531224779251412e-01
2.209338675153079024e+01,-8.368098758729524984e-04,-7.953108399064302558e-01
2.294329227843168084e+01,-9.024235108584213912e-04,-8.259013143812458102e-01
2.382589262993236190e+01,-9.731812853732088337e-04,-8.576680683054729304e-01
2.474244553588842166e+01,-1.049486408425880221e-03,-8.906562919393129496e-01
2.569425710948244301e+01,-1.131773678134002708e-03,-9.249129067941891380e-01
2.668268370847132687e+01,-1.220511954055687612e-03,-9.604866313738120720e-01
2.770913386803352552e+01,-1.316206822611458004e-03,-9.974280493415089710e-01
2.877507030797054099e+01,-1.419403470609174531e-03,-1.035789680194860507e+00
2.988201201712300303e+01,-1.530689783057041526e-03,-1.075626052530358479e+00
3.103153641797168660e+01,-1.650699682662837980e-03,-1.116993779982326407e+00
3.222528161450806294e+01,-1.780116729760736205e-03,-1.159951639921754651e+00
3.346494872657770969e+01,-1.919678002909907307e-03,-1.204560655001951641e+00
3.475230431402301434e+01,-2.070178281835985748e-03,-1.250884177638942552e+00
3.608918289407970548e+01,-2.232474556145215300e-03,-1.298987977515382974e+00
3.747748955561452533e+01,-2.407490885002785443e-03,-1.348940332197275493e+00
3.891920267392945476e+01,-2.596223634844524973e-03,-1.400812120953012441e+00
4.041637673000108322e+01,-2.799747124277589087e-03,-1.454676921864118677e+00
4.197114523817271703e+01,-3.019219707556077166e-03,-1.510611112316484039e+00
4.358572378647117063e+01,-3.255890330326702622e-03,-1.568693972959802618e+00
4.526241319388086737e+01,-3.511105593891886232e-03,-1.629007795221294463e+00
4.700360278907435685e+01,-3.786317367022583747e-03,-1.691637992457480699e+00
4.881177381527161430e+01,-4.083090987140167508e-03,-1.756673214824747697e+00
5.068950296608010575e+01,-4.403114095938921377e-03,-1.824205467945521741e+00
5.263946605735426232e+01,-4.748206157707366738e-03,-1.894330235442032606e+00
5.466444184030692810e+01,-5.120328712329077180e-03,-1.967146605403639503e+00
5.676731596130650814e+01,-5.521596418598838027e-03,-2.042757400846539451e+00
5.895108507400266973e+01,-5.954288947643238475e-03,-2.121269314215964652e+00
6.121886110964047845e+01,-6.420863790533424924e-03,-2.202793045970841135e+00
6.357387571164831286e+01,-6.923970048796438889e-03,-2.287443447278801223e+00
6.601948484081889035e+01,-7.466463281387085080e-03,-2.375339666835417418e+00
6.855917355764604793e+01,-8.051421487014384995e-03,-2.466605301805210093e+00
7.119656098863208626e+01,-8.682162306110416741e-03,-2.561368552863067194e+00
7.393540548364288156e+01,-9.362261532652469201e-03,-2.659762383292997523e+00
7.677960997166020718e+01,-1.009557303230708934e-02,-2.761924682076146720e+00
7.973322752256318324e+01,-1.088625016978421109e-02,-2.867998430871423032e+00
8.280046712286471688e+01,-1.173876885533760121e-02,-2.978131874759535336e+00
8.598569967363343380e+01,-1.265795232746669968e-02,-3.092478696584111564e+00
8.929346421914829079e+01,-1.364899779658569796e-02,-3.211198194681536222e+00
9.272847441516192646e+01,-1.471750508235150287e-02,-3.334455463743467796e+00
9.629562524599022311e+01,-1.586950738560884838e-02,-3.462421578502181241e+00
9.999999999999995737e+01,-1.711150434458093630e-02,-3.595273779868173314e+00
1.038468775134350608e+02,-1.845049753376720378e-02,-3.733195663081161353e+00
1.078417396929039000e+02,-1.989402857326638685e-02,-3.876377367358864401e+00
1.119902793272474497e+02,-2.145022002552344348e-02,-4.025015766441957688e+00
1.162984081999205017e+02,-2.312781926609767599e-02,-4.179314659337228122e+00
1.207722655134462144e+02,-2.493624552455765697e-02,-4.339484960453526163e+00
1.254182266379491182e+02,-2.688564030132859287e-02,-4.505744888204955778e+00
1.302429121962334762e+02,-2.898692137555000312e-02,-4.678320151022423268e+00
1.352531974983534155e+02,-3.125184062834880649e-02,-4.857444129566101942e+00
1.404562223391195630e+02,-3.369304591453565340e-02,-5.043358053767008187e+00
1.458594011725035671e+02,-3.632414722377588084e-02,-5.236311173143644915e+00
1.514704336774397007e+02,-3.915978737947717336e-02,-5.436560918638673634e+00
1.572973157300797595e+02,-4.221571752963497459e-02,-5.644373053998889667e+00
1.633483507981372327e+02,-4.550887768817359069e-02,-5.860021814478142410e+00
1.696321617735578684e+02,-4.905748258809318474e-02,-6.083790030375668678e+00
1.761577032603787245e+02,-5.288111310768089934e-02,-6.315969232630055608e+00
1.829342743352859770e+02,-5.700081352849057509e-02,-6.556859737370406727e+00
1.899715317990557821e+02,-6.143919487746596353e-02,-6.806770705979928948e+00
1.972795039377618878e+02,-6.622054459531441506e-02,-7.066020176851959711e+00
2.048686048133599797e+02,-7.137094275774731600e-02,-7.334935064613753219e+00
2.127496491040133719e+02,-7.691838505509972224e-02,-7.613851122158473927e+00
2.209338675153077531e+02,-8.289291270774408471e-02,-7.903112860361104275e+00
2.294329227843166450e+02,-8.932674945866031502e-02,-8.203073419859778781e+00
2.382589262993234627e+02,-9.625444573941055459e-02,-8.514094388762162069e+00
2.474244553588840745e+02,-1.037130300498964597e-01,-8.836545559588905974e+00
2.569425710948243022e+02,-1.117421675245670737e-01,-9.170804618197090363e+00
2.668268370847131337e+02,-1.203843255762602482e-01,-9.517256756840435372e+00
2.770913386803350704e+02,-1.296849464121874462e-01,-9.876294202927136112e+00
2.877507030797052039e+02,-1.396926261024985239e-01,-1.024831565443898640e+01
2.988201201712298030e+02,-1.504592997491168704e-01,-1.063372561238832681e+01
3.103153641797165960e+02,-1.620404321485110488e-01,-1.103293360012637336e+01
3.222528161450803736e+02,-1.744952131655874705e-01,-1.144635325879425558e+01
3.346494872657768838e+02,-1.878867568344404215e-01,-1.187440130774802149e+01
3.475230431402299587e+02,-2.022823029743946455e-01,-1.231749635841447521e+01
3.608918289407968700e+02,-2.177534198545564847e-01,-1.277605756977613005e+01
3.747748955561451112e+02,-2.343762061565233812e-01,-1.325050313357277076e+01
3.891920267392943629e+02,-2.522314901722178537e-01,-1.374124857738375738e+01
4.041637673000106474e+02,-2.714050238326869424e-01,-1.424870487406155917e+01
4.197114523817269855e+02,-2.919876687949096161e-01,-1.477327634657159550e+01
4.358572378647115215e+02,-3.140755714202481674e-01,-1.531535835820858615e+01
4.526241319388084889e+02,-3.377703230635162313e-01,-1.587533477946184846e+01
4.700360278907433553e+02,-3.631791016616005008e-01,-1.645357522455022803e+01
4.881177381527159582e+02,-3.904147901728167169e-01,-1.705043205290230190e+01
5.068950296608008443e+02,-4.195960669823682876e-01,-1.766623713367836146e+01
5.263946605735424100e+02,-4.508474629682225343e-01,-1.830129837487368150e+01
5.466444184030690394e+02,-4.842993795303951465e-01,-1.895589602265619433e+01
5.676731596130648541e+02,-5.200880615434131382e-01,-1.963027874141361551e+01
5.895108507400263989e+02,-5.583555189176011568e-01,-2.032465949053656118e+01
6.121886110964045429e+02,-5.992493902739203238e-01,-2.103921122024434354e+01
6.357387571164828159e+02,-6.429227421757460759e-01,-2.177406241574039925e+01
6.601948484081885908e+02,-6.895337974476376530e-01,-2.252929252660098314e+01
6.855917355764602235e+02,-7.392455863755180712e-01,-2.330492732644983178e+01
7.119656098863205216e+02,-7.922255150539272428e-01,-2.410093425650062571e+01
7.393540548364285314e+02,-8.486448458523949689e-01,-2.491721781525617985e+01
7.677960997166018160e+02,-9.086780859384435693e-01,-2.575361506527795541e+01
7.973322752256316335e+02,-9.725022810387512484e-01,-2.660989133617012925e+01
8.280046712286469983e+02,-1.040296213152636096e+00,-2.748573621039076897e+01
8.598569967363341675e+02,-1.112239502754146958e+00,-2.838075988479814526e+01
8.929346421914826806e+02,-1.188511618117369606e+00,-2.929449000551791116e+01
9.272847441516190656e+02,-1.269290796746110228e+00,-3.022636907631628489e+01
9.629562524599019753e+02,-1.354752886438441939e+00,-3.117575254073242164e+01
9.999999999999993179e+02,-1.445070116205284805e+00,-3.214190763534203654e+01
1.038468775134350381e+03,-1.540409810008738001e+00,-3.312401310534231413e+01
1.078417396929038659e+03,-1.640933058991757676e+00,-3.412115986391462741e+01
1.119902793272474128e+03,-1.746793370424192027e+00,-3.513235266342002916e+01
1.162984081999204591e+03,-1.858135313868821914e+00,-3.615651282946039657e+01
1.207722655134461775e+03,-1.975093186950123147e+00,-3.719248208843238501e+01
1.254182266379490784e+03,-2.097789724465781713e+00,-3.823902749584970451e+01
1.302429121962334193e+03,-2.226334875306727579e+00,-3.929484744705569454e+01
1.352531974983533473e+03,-2.360824671655320728e+00,-4.035857872482318953e+01
1.404562223391194721e+03,-2.501340214151759778e+00,-4.142880451073520476e+01
1.458594011725034761e+03,-2.647946795128404140e+00,-4.250406326026308790e+01
1.514704336774396097e+03,-2.800693179623656270e+00,-4.358285831626773899e+01
1.572973157300796856e+03,-2.959611060756518697e+00,-4.466366811338929210e+01
1.633483507981371531e+03,-3.124714702266584432e+00,-4.574495680751725502e+01
1.696321617735578002e+03,-3.296000776736642379e+00,-4.682518515114097113e+01
1.761577032603786620e+03,-3.473448403381746097e+00,-4.790282142754289652e+01
1.829342743352859088e+03,-3.657019384495866277e+00,-4.897635225491092825e+01
1.899715317990557196e+03,-3.846658634892071937e+00,-5.004429307560975815e+01
1.972795039377618195e+03,-4.042294794148383552e+00,-5.110519815585062275e+01
2.048686048133598888e+03,-4.243841007359218764e+00,-5.215766993632779958e+01
2.127496491040132696e+03,-4.451195856546098284e+00,-5.320036759428612072e+01
2.209338675153076565e+03,-4.664244422022202130e+00,-5.423201470098171484e+01
2.294329227843165427e+03,-4.882859450914700084e+00,-5.525140588450189938e+01
2.382589262993233660e+03,-5.106902608765412133e+00,-5.625741243525771296e+01
2.474244553588839608e+03,-5.336225789652207396e+00,-5.724898681901117214e+01
2.569425710948241431e+03,-5.570672460559084271e+00,-5.822516608897603874e+01
2.668268370847129518e+03,-5.810079016699317478e+00,-5.918507421340336805e+01
2.770913386803349113e+03,-6.054276126064145558e+00,-6.012792335736548921e+01
2.877507030797050447e+03,-6.303090043514366414e+00,-6.105301417661939922e+01
2.988201201712296552e+03,-6.556343877129319431e+00,-6.195973519710202027e+01
3.103153641797164710e+03,-6.813858792152680977e+00,-6.284756136562044304e+01
3.222528161450802600e+03,-7.075455140608323035e+00,-6.371605186567030898e+01
3.346494872657767246e+03,-7.340953507394797128e+00,-6.456484729721431393e+01
3.475230431402297654e+03,-7.610175666311630671e+00,-6.539366632097319609e+01
3.608918289407966768e+03,-7.882945441949916088e+00,-6.620230186670589489e+01
3.747748955561448838e+03,-8.159089475636584154e+00,-6.699061700151555954e+01
3.891920267392941241e+03,-8.438437895618310591e+00,-6.775854054887638256e+01
4.041637673000103860e+03,-8.720824893384289567e+00,-6.850606254228512171e+01
4.197114523817266672e+03,-9.006089209450264477e+00,-6.923322958964030249e+01
4.358572378647112600e+03,-9.294074533062847365e+00,-6.994014021603092601e+01
4.526241319388082047e+03,-9.584629821148462625e+00,-7.062694024392722270e+01
4.700360278907431166e+03,-9.877609542445465962e+00,-7.129381826109887754e+01
4.881177381527157195e+03,-1.017287385314768144e+01,-7.194100121817950821e+01
5.068950296608006283e+03,-1.047028871058137156e+01,-7.256875018983308223e+01
5.263946605735422054e+03,-1.076972593146488144e+01,-7.317735632609212360e+01
5.466444184030689030e+03,-1.107106320119042309e+01,-7.376713701371632226e+01
5.676731596130646722e+03,-1.137418404034836072e+01,-7.433843226141341631e+01
5.895108507400262170e+03,-1.167897773441143272e+01,-7.489160131749044069e+01
6.121886110964042928e+03,-1.198533923213263108e+01,-7.542701952395164255e+01
6.357387571164826113e+03,-1.229316901780584104e+01,-7.594507540720547922e+01
6.601948484081884089e+03,-1.260237296211027136e+01,-7.644616800234020104e+01
6.855917355764599961e+03,-1.291286215582159436e+01,-7.693070440532881094e+01
7.119656098863203624e+03,-1.322455273023699007e+01,-7.739909754546630438e+01
7.393540548364283495e+03,-1.353736566773624261e+01,-7.785176416877085614e+01
7.677960997166015659e+03,-1.385122660549389195e+01,-7.828912302193043615e+01
7.973322752256312924e+03,-1.416606563497280646e+01,-7.871159322559354621e+01
8.280046712286466573e+03,-1.448181709947127693e+01,-7.911959282532825455e+01
8.598569967363337128e+03,-1.479841939166488274e+01,-7.951353750836055667e+01
8.929346421914822713e+03,-1.511581475278310727e+01,-7.989383947420131449e+01
9.272847441516187246e+03,-1.543394907478753098e+01,-8.026090644744252245e+01
9.629562524599015887e+03,-1.575277170667425253e+01,-8.061514082130896952e+01
9.999999999999989086e+03,-1.607223526580550654e+01,-8.095693892096230115e+01
1.038468775134349926e+04,-1.639229545498395524e+01,-8.128669037603954450e+01
1.078417396929038296e+04,-1.671291088581501327e+01,-8.160477759244899687e+01
1.119902793272473718e+04,-1.703404290875719340e+01,-8.191157531401964320e+01
1.162984081999204136e+04,-1.735565545013458788e+01,-8.220745026519323062e+01
1.207722655134461274e+04,-1.767771485627869765e+01,-8.249276086654542439e+01
1.254182266379490284e+04,-1.800018974487577950e+01,-8.276785701551624186e+01
1.302429121962333738e+04,-1.832305086352004153e+01,-8.303307992530970694e+01
1.352531974983533109e+04,-1.864627095540979695e+01,-8.328876201548494862e+01
1.404562223391194493e+04,-1.896982463207215019e+01,-8.353522684829827938e+01
1.458594011725034579e+04,-1.929368825296020518e+01,-8.377278910536821854e+01
1.514704336774395961e+04,-1.961783981173386593e+01,-8.400175459971826797e+01
1.572973157300796629e+04,-1.994225882901002933e+01,-8.422242031870574408e+01
1.633483507981371258e+04,-2.026692625134904446e+01,-8.443507449376834018e+01
1.696321617735577456e+04,-2.059182435623091223e+01,-8.463999669331406039e+01
1.761577032603786211e+04,-2.091693666276597696e+01,-8.483745793544342462e+01
1.829342743352858815e+04,-2.124224784788014375e+01,-8.502772081752968347e+01
1.899715317990557014e+04,-2.156774366771293217e+01,-8.521103965999034813e+01
1.972795039377618014e+04,-2.189341088396795243e+01,-8.538766066186661874e+01
2.048686048133598888e+04,-2.221923719495855565e+01,-8.555782206608488138e+01
2.127496491040132605e+04,-2.254521117109672090e+01,-8.572175433251011611e+01
2.209338675153076474e+04,-2.287132219457931015e+01,-8.587968031711410788e+01
2.294329227843165427e+04,-2.319756040303378342e+01,-8.603181545577579925e+01
2.382589262993233569e+04,-2.352391663689337520e+01,-8.617836795140593154e+01
2.474244553588839699e+04,-2.385038239028101259e+01,-8.631953896324651510e+01
2.569425710948241613e+04,-2.417694976519016592e+01,-8.645552279733823298e+01
2.668268370847129700e+04,-2.450361142876067433e+01,-8.658650709727734807e+01
2.770913386803349204e+04,-2.483036057345688974e+01,-8.671267303449859298e+01
2.877507030797050538e+04,-2.515719087996524195e+01,-8.683419549742363586e+01
2.988201201712296461e+04,-2.548409648263775296e+01,-8.695124327890751204e+01
3.103153641797164528e+04,-2.581107193731735094e+01,-8.706397926149706734e+01
3.222528161450802509e+04,-2.613811219138971964e+01,-8.717256060008955387e+01
3.346494872657766973e+04,-2.646521255591568433e+01,-8.727713890164463351e+01
3.475230431402297836e+04,-2.679236867970595171e+01,-8.737786040166072610e+01
3.608918289407966950e+04,-2.711957652520890605e+01,-8.747486613717889270e+01
3.747748955561449111e+04,-2.744683234608937283e+01,-8.756829211612178199e+01
3.891920267392941605e+04,-2.777413266638422584e+01,-8.765826948281659270e+01
4.041637673000104405e+04,-2.810147426112749969e+01,-8.774492467958496889e+01
4.197114523817267764e+04,-2.842885413834458319e+01,-8.782837960431491808e+01
4.358572378647113510e+04,-2.875626952232149947e+01,-8.790875176395640267e+01
4.526241319388082775e+04,-2.908371783806131106e+01,-8.798615442390585883e+01
4.700360278907431348e+04,-2.941119669684537286e+01,-8.806069675326619972e+01
4.881177381527156831e+04,-2.973870388282270127e+01,-8.813248396598572754e+01
5.068950296608005738e+04,-3.006623734055569841e+01,-8.820161745789607721e+01
5.263946605735421326e+04,-3.039379516345531940e+01,-8.826819493968116603e+01
5.466444184030687757e+04,-3.072137558304321203e+01,-8.833231056582162921e+01
5.676731596130645630e+04,-3.104897695898278798e+01,-8.839405505956820264e+01
5.895108507400261442e+04,-3.137659776982476956e+01,-8.845351583400560003e+01
6.121886110964042018e+04,-3.170423660441686309e+01,-8.851077710927542341e+01
6.357387571164825204e+04,-3.203189215393046396e+01,-8.856592002603198921e+01
6.601948484081882634e+04,-3.235956320446053525e+01,-8.861902275520942851e+01
6.855917355764599051e+04,-3.268724863015793858e+01,-8.867016060418212930e+01
7.119656098863203079e+04,-3.301494738685634900e+01,-8.871940611940314625e+01
7.393540548364282586e+04,-3.334265850615835802e+01,-8.876682918560742053e+01
7.677960997166014567e+04,-3.367038108994798051e+01,-8.881249712166797394e+01
7.973322752256311651e+04,-3.399811430529921097e+01,-8.885647477319409404e+01
8.280046712286464754e+04,-3.432585737975201567e+01,-8.889882460196113811e+01
8.598569967363335309e+04,-3.465360959692959852e+01,-8.893960677226120026e+01
8.929346421914819803e+04,-3.498137029247244101e+01,-8.897887923426394252e+01
9.272847441516183608e+04,-3.530913885026618004e+01,-8.901669780447602420e+01
9.629562524599012977e+04,-3.563691469894245500e+01,-8.905311624338673937e+01
9.999999999999986903e+04,-3.596469730863285008e+01,-8.908818633038616497e+01
1.038468775134349708e+05,-3.629248618795785575e+01,-8.912195793604115579e+01
1.078417396929038077e+05,-3.662028088123381053e+01,-8.915447909181267505e+01
1.119902793272473500e+05,-3.694808096588215562e+01,-8.918579605729672721e+01
1.162984081999203918e+05,-3.727588605002643618e+01,-8.921595338506922701e+01
1.207722655134461093e+05,-3.760369577026335719e+01,-8.924499398321324861e+01
1.254182266379490175e+05,-3.793150978959548780e+01,-8.927295917560594773e+01
1.302429121962333593e+05,-3.825932779551382623e+01,-8.929988876003946530e+01
1.352531974983532855e+05,-3.858714949821943918e+01,-8.932582106424931112e+01
1.404562223391194129e+05,-3.891497462897400794e+01,-8.935079299992098356e+01
1.458594011725034215e+05,-3.924280293857019331e+01,-8.937484011474425927e+01
1.514704336774395488e+05,-3.957063419591281672e+01,-8.939799664258197254e+01
1.572973157300796011e+05,-3.989846818670314121e+01,-8.942029555181879630e+01
1.633483507981370494e+05,-4.022630471221855686e+01,-8.944176859195341933e+01
1.696321617735576874e+05,-4.055414358818092069e+01,-8.946244633849505590e+01
1.761577032603785337e+05,-4.088198464370702823e+01,-8.948235823622448493e+01
1.829342743352857942e+05,-4.120982772033524810e+01,-8.950153264087668958e+01
1.899715317990556068e+05,-4.153767267112289829e+01,-8.951999685930140060e+01
1.972795039377617068e+05,-4.186551935980914863e+01,-8.953777718815526043e+01
2.048686048133597942e+05,-4.219336766003873862e+01,-8.955489895117814569e+01
2.127496491040131659e+05,-4.252121745464202718e+01,-8.957138653510415338e+01
2.209338675153075601e+05,-4.284906863496745189e+01,-8.958726342425612188e+01
2.294329227843164408e+05,-4.317692110026233365e+01,-8.960255223387109424e+01
2.382589262993232405e+05,-4.350477475709879371e+01,-8.961727474220225531e+01
2.474244553588838317e+05,-4.383262951884132974e+01,-8.963145192144160944e+01
2.569425710948240303e+05,-4.416048530515305970e+01,-8.964510396750598886e+01
2.668268370847128099e+05,-4.448834204153791205e+01,-8.965825032872753297e+01
2.770913386803347385e+05,-4.481619965891599122e+01,-8.967090973348834382e+01
2.877507030797048355e+05,-4.514405809322988006e+01,-8.968310021683782907e+01
2.988201201712294132e+05,-4.547191728507953457e+01,-8.969483914612958131e+01
3.103153641797162127e+05,-4.579977717938366055e+01,-8.970614324571354814e+01
3.222528161450799671e+05,-4.612763772506579585e+01,-8.971702862071803963e+01
3.346494872657764354e+05,-4.645549887476314410e+01,-8.972751077995474134e+01
3.475230431402294780e+05,-4.678336058455656854e+01,-8.973760465797879249e+01
3.608918289407963748e+05,-4.711122281372026777e+01,-8.974732463633480961e+01
3.747748955561445910e+05,-4.743908552448953486e+01,-8.975668456401876938e+01
3.891920267392938258e+05,-4.776694868184559084e+01,-8.976569777718457033e+01
4.041637673000100767e+05,-4.809481225331584398e+01,-8.977437711812252985e+01
4.197114523817263544e+05,-4.842267620878879342e+01,-8.978273495353721501e+01
4.358572378647109144e+05,-4.875054052034242602e+01,-8.979078319214977455e+01
4.526241319388078409e+05,-4.907840516208489134e+01,-8.979853330164991121e+01
4.700360278907426982e+05,-4.940627011000705693e+01,-8.980599632502138263e+01
4.881177381527152611e+05,-4.973413534184547302e+01,-8.981318289626393891e+01
5.068950296608001227e+05,-5.006200083695554781e+01,-8.982010325553396513e+01
5.263946605735416524e+05,-5.038986657619378917e+01,-8.982676726372550036e+01
5.466444184030683246e+05,-5.071773254180868662e+01,-8.983318441651178432e+01
5.676731596130641410e+05,-5.104559871733947318e+01,-8.983936385786763879e+01
5.895108507400257513e+05,-5.137346508752230534e+01,-8.984531439309161271e+01
6.121886110964037944e+05,-5.170133163820321442e+01,-8.985104450134632259e+01
6.357387571164820110e+05,-5.202919835625742451e+01,-8.985656234773495044e+01
6.601948484081878560e+05,-5.235706522951448960e+01,-8.986187579493083888e+01
6.855917355764594395e+05,-5.268493224668891628e+01,-8.986699241437668206e+01
7.119656098863197258e+05,-5.301279939731584534e+01,-8.987191949706948435e+01
7.393540548364276765e+05,-5.334066667169133069e+01,-8.987666406394610874e+01
7.677960997166008456e+05,-5.366853406081705913e+01,-8.988123287588457799e+01
7.973322752256306121e+05,-5.399640155634899230e+01,-8.988563244333521141e+01
8.280046712286459515e+05,-5.432426915054985272e+01,-8.988986903559518282e+01
8.598569967363330070e+05,-5.465213683624494934e+01,-8.989394868973978703e+01
8.929346421914814273e+05,-5.498000460678129286e+01,-8.989787721922301955e+01
9.272847441516177496e+05,-5.530787245598969548e+01,-8.990166022215983332e+01
9.629562524599005701e+05,-5.563574037814951367e+01,-8.990530308930162562e+01
9.999999999999979045e+05,-5.596360836795608407e+01,-8.990881101171665080e+01
